{"cameraMode":{"drawMode":0,"name":"Shaded","section":"Shading Mode"},"sceneLighting":false,"audioPlay":false,"sceneViewState":{"m_AlwaysRefresh":false,"showFog":true,"showSkybox":false,"showFlares":true,"showImageEffects":true,"showParticleSystems":true,"showVisualEffectGraphs":true,"m_FxEnabled":true},"in2DMode":false,"pivot":{"x":0.28793227672576907,"y":-0.2200944423675537,"z":-0.39632466435432436},"rotation":{"x":0.16778558492660523,"y":0.7393384575843811,"z":-0.1998499035835266,"w":0.6207168102264404},"size":0.8423837423324585,"orthographic":false}