{"cameraMode":{"drawMode":0,"name":"Shaded","section":"Shading Mode"},"sceneLighting":false,"audioPlay":false,"sceneViewState":{"m_AlwaysRefresh":false,"showFog":true,"showSkybox":false,"showFlares":true,"showImageEffects":true,"showParticleSystems":true,"showVisualEffectGraphs":true,"m_FxEnabled":true},"in2DMode":false,"pivot":{"x":1.0255008935928345,"y":-0.361318439245224,"z":0.6570478081703186},"rotation":{"x":0.16896842420101167,"y":0.5257282853126526,"z":-0.10744660347700119,"w":0.8267518281936646},"size":1.3928077220916749,"orthographic":false}